<?xml version="1.0" encoding="UTF-8"?>
<gmd:MD_Metadata xmlns:gco="http://www.isotc211.org/2005/gco"
    xmlns:gmd="http://www.isotc211.org/2005/gmd"
    xmlns:gml="http://www.opengis.net/gml"
    xmlns:gts="http://www.isotc211.org/2005/gts"
    xmlns:iaaacl="http://iaaa.cps.unizar.es/ControlledList/" xmlns:xsi="http://www.w3.org/2001/XMLSchema-instance">
    <gmd:fileIdentifier>
        <gco:CharacterString>Metadata</gco:CharacterString>
    </gmd:fileIdentifier>
    <gmd:language>
        <gco:CharacterString>eng</gco:CharacterString>
    </gmd:language>
    <gmd:characterSet>
        <gmd:MD_CharacterSetCode
            codeList="./resources/codeList.xml#MD_CharacterSetCode" codeListValue="utf8">utf8</gmd:MD_CharacterSetCode>
    </gmd:characterSet>
    <gmd:hierarchyLevel>
        <gmd:MD_ScopeCode
            codeList="./resources/codeList.xml#MD_ScopeCode" codeListValue="dataset">dataset</gmd:MD_ScopeCode>
    </gmd:hierarchyLevel>
    <gmd:contact>
        <gmd:CI_ResponsibleParty>
            <gmd:individualName>
                <gco:CharacterString>Dorigo, Wouter</gco:CharacterString>
            </gmd:individualName>
            <gmd:organisationName>
                <gco:CharacterString>Vienna University of Technology (TU Wien), Department of Geodesy and Geoinformation (GEO), Research Group Remote Sensing</gco:CharacterString>
            </gmd:organisationName>
            <gmd:contactInfo>
                <gmd:CI_Contact>
                    <gmd:phone>
                        <gmd:CI_Telephone>
                            <gmd:voice>
                                <gco:CharacterString>(+43) 1 58801-12243</gco:CharacterString>
                            </gmd:voice>
                            <gmd:facsimile>
                                <gco:CharacterString>(+43) 1 58801-12299</gco:CharacterString>
                            </gmd:facsimile>
                        </gmd:CI_Telephone>
                    </gmd:phone>
                    <gmd:address>
                        <gmd:CI_Address>
                            <gmd:city>
                                <gco:CharacterString>Vienna</gco:CharacterString>
                            </gmd:city>
                            <gmd:administrativeArea>
                                <gco:CharacterString>Vienna</gco:CharacterString>
                            </gmd:administrativeArea>
                            <gmd:postalCode>
                                <gco:CharacterString>1040</gco:CharacterString>
                            </gmd:postalCode>
                            <gmd:country>
                                <gco:CharacterString>Austria</gco:CharacterString>
                            </gmd:country>
                            <gmd:electronicMailAddress>
                                <gco:CharacterString>wouter.dorigo@geo.tuwien.ac.at</gco:CharacterString>
                            </gmd:electronicMailAddress>
                        </gmd:CI_Address>
                    </gmd:address>
                    <gmd:onlineResource>
                        <gmd:CI_OnlineResource>
                            <gmd:linkage>
                                <gmd:URL>http://rs.geo.tuwien.ac.at</gmd:URL>
                            </gmd:linkage>
                            <gmd:name>
                                <gco:CharacterString>Website</gco:CharacterString>
                            </gmd:name>
                            <gmd:description>
                                <gco:CharacterString>The Website of the Department of Geodesy and Geoinformation - Research Group Remote Sensing</gco:CharacterString>
                            </gmd:description>
                            <gmd:function>
                                <gmd:CI_OnLineFunctionCode
                                    codeList="./resources/codeList.xml#CI_OnLineFunctionCode" codeListValue="information">information</gmd:CI_OnLineFunctionCode>
                            </gmd:function>
                        </gmd:CI_OnlineResource>
                    </gmd:onlineResource>
                    <gmd:hoursOfService>
                        <gco:CharacterString>9-17 (UTC+1)</gco:CharacterString>
                    </gmd:hoursOfService>
                    <gmd:contactInstructions>
                        <gco:CharacterString>Preferably by e-mail</gco:CharacterString>
                    </gmd:contactInstructions>
                </gmd:CI_Contact>
            </gmd:contactInfo>
            <gmd:role>
                <gmd:CI_RoleCode
                    codeList="./resources/codeList.xml#CI_RoleCode" codeListValue="pointOfContact">pointOfContact</gmd:CI_RoleCode>
            </gmd:role>
        </gmd:CI_ResponsibleParty>
    </gmd:contact>
    <gmd:dateStamp>
        <gco:Date>2009-09-03</gco:Date>
    </gmd:dateStamp>
    <gmd:metadataStandardName>
        <gco:CharacterString>ISO 19115</gco:CharacterString>
    </gmd:metadataStandardName>
    <gmd:metadataStandardVersion>
        <gco:CharacterString>ISO19115:2003/Cor 1 2006</gco:CharacterString>
    </gmd:metadataStandardVersion>
    <gmd:dataSetURI>
        <gco:CharacterString>http://ismn.geo.tuwien.ac.at</gco:CharacterString>
    </gmd:dataSetURI>
    <gmd:spatialRepresentationInfo>
        <gmd:MD_VectorSpatialRepresentation>
            <gmd:topologyLevel>
                <gmd:MD_TopologyLevelCode
                    codeList="./resources/codeList.xml#MD_TopologyLevelCode" codeListValue="geometryOnly">geometryOnly</gmd:MD_TopologyLevelCode>
            </gmd:topologyLevel>
            <gmd:geometricObjects>
                <gmd:MD_GeometricObjects>
                    <gmd:geometricObjectType>
                        <gmd:MD_GeometricObjectTypeCode
                            codeList="./resources/codeList.xml#MD_GeometricObjectTypeCode" codeListValue="point">point</gmd:MD_GeometricObjectTypeCode>
                    </gmd:geometricObjectType>
                    <gmd:geometricObjectCount>
                        <gco:Integer>1</gco:Integer>
                    </gmd:geometricObjectCount>
                </gmd:MD_GeometricObjects>
            </gmd:geometricObjects>
        </gmd:MD_VectorSpatialRepresentation>
    </gmd:spatialRepresentationInfo>
    <gmd:referenceSystemInfo>
        <gmd:MD_ReferenceSystem>
            <gmd:referenceSystemIdentifier>
                <gmd:RS_Identifier>
                    <gmd:code>
                        <gco:CharacterString>EPSG:4326</gco:CharacterString>
                    </gmd:code>
                </gmd:RS_Identifier>
            </gmd:referenceSystemIdentifier>
        </gmd:MD_ReferenceSystem>
    </gmd:referenceSystemInfo>
    <gmd:identificationInfo>
        <gmd:MD_DataIdentification>
            <gmd:citation>
                <gmd:CI_Citation>
                    <gmd:title>
                        <gco:CharacterString>International In Situ Soil Moisture Database - Version 0.1</gco:CharacterString>
                    </gmd:title>
                    <gmd:date>
                        <gmd:CI_Date>
                            <gmd:date>
                                <gco:Date>2009-09-03</gco:Date>
                            </gmd:date>
                            <gmd:dateType>
                                <gmd:CI_DateTypeCode
                                    codeList="./resources/codeList.xml#CI_DateTypeCode" codeListValue="publication">publication</gmd:CI_DateTypeCode>
                            </gmd:dateType>
                        </gmd:CI_Date>
                    </gmd:date>
                    <gmd:identifier>
                        <gmd:MD_Identifier>
                            <gmd:code>
                                <gco:CharacterString>-9999</gco:CharacterString>
                            </gmd:code>
                        </gmd:MD_Identifier>
                    </gmd:identifier>
                    <gmd:citedResponsibleParty>
                        <gmd:CI_ResponsibleParty>
                            <gmd:individualName>
                                <gco:CharacterString>Dorigo, Wouter</gco:CharacterString>
                            </gmd:individualName>
                            <gmd:organisationName>
                                <gco:CharacterString>Vienna University of Technology (TU Wien), Department of Geodesy and Geoinformation (GEO), Research Group Remote Sensing</gco:CharacterString>
                            </gmd:organisationName>
                            <gmd:contactInfo>
                                <gmd:CI_Contact>
                                    <gmd:phone>
                                    <gmd:CI_Telephone>
                                    <gmd:voice>
                                    <gco:CharacterString>(+43) 1 58801-12243</gco:CharacterString>
                                    </gmd:voice>
                                    <gmd:facsimile>
                                    <gco:CharacterString>(+43) 1 58801-12299</gco:CharacterString>
                                    </gmd:facsimile>
                                    </gmd:CI_Telephone>
                                    </gmd:phone>
                                    <gmd:address>
                                    <gmd:CI_Address>
                                    <gmd:city>
                                    <gco:CharacterString>Vienna</gco:CharacterString>
                                    </gmd:city>
                                    <gmd:administrativeArea>
                                    <gco:CharacterString>Vienna</gco:CharacterString>
                                    </gmd:administrativeArea>
                                    <gmd:postalCode>
                                    <gco:CharacterString>1040</gco:CharacterString>
                                    </gmd:postalCode>
                                    <gmd:country>
                                    <gco:CharacterString>Austria</gco:CharacterString>
                                    </gmd:country>
                                    <gmd:electronicMailAddress>
                                    <gco:CharacterString>remote.sensing@geo.tuwien.ac.at</gco:CharacterString>
                                    </gmd:electronicMailAddress>
                                    </gmd:CI_Address>
                                    </gmd:address>
                                    <gmd:onlineResource>
                                    <gmd:CI_OnlineResource>
                                    <gmd:linkage>
                                    <gmd:URL>http://rs.geo.tuwien.ac.at</gmd:URL>
                                    </gmd:linkage>
                                    </gmd:CI_OnlineResource>
                                    </gmd:onlineResource>
                                    <gmd:hoursOfService>
                                    <gco:CharacterString>9-17 (UTC+1)</gco:CharacterString>
                                    </gmd:hoursOfService>
                                    <gmd:contactInstructions>
                                    <gco:CharacterString>Preferably by email</gco:CharacterString>
                                    </gmd:contactInstructions>
                                </gmd:CI_Contact>
                            </gmd:contactInfo>
                            <gmd:role>
                                <gmd:CI_RoleCode
                                    codeList="./resources/codeList.xml#CI_RoleCode" codeListValue="distributor">distributor</gmd:CI_RoleCode>
                            </gmd:role>
                        </gmd:CI_ResponsibleParty>
                    </gmd:citedResponsibleParty>
                </gmd:CI_Citation>
            </gmd:citation>
            <gmd:abstract>
                <gco:CharacterString>This data set consists of time series of in situ soil measurements collected through various networks. Soil moisture values are expressed in volumetric values (Vol. %).  Complementary data sets, such as soil temperature and precipitation are provided whenever available. Default temporal resolution of the measurements is one hour. The International In Situ Soil Moisture Data Base was initiated to homogenize soil moisture data collected by different networks and using different methods, and to offer a centralized platform for the redistribution of these data. This should facilitate global and and regional validation studies, e.g. of remote sensing products and model results. The project is funded by the European Space Agency (ESA).</gco:CharacterString>
            </gmd:abstract>
            <gmd:purpose>
                <gco:CharacterString>The International In Situ Soil Moisture Data Base was initiated to homogenize soil moisture data collected by different networks and using different methods, and to offer a centralized platform for the redistribution of these data. This should facilitate global and and regional validation studies, e.g. of remote sensing products and model results. The project is funded is by the European Space Agency (ESA).</gco:CharacterString>
            </gmd:purpose>
            <gmd:credit>
                <gco:CharacterString>Credit to network 1</gco:CharacterString>
            </gmd:credit>
            <gmd:credit>
                <gco:CharacterString>Credit to network 2</gco:CharacterString>
            </gmd:credit>
            <gmd:status>
                <gmd:MD_ProgressCode
                    codeList="./resources/codeList.xml#MD_ProgressCode" codeListValue="onGoing">onGoing</gmd:MD_ProgressCode>
            </gmd:status>
            <gmd:pointOfContact>
                <gmd:CI_ResponsibleParty>
                    <gmd:individualName>
                        <gco:CharacterString>Dorigo, Wouter</gco:CharacterString>
                    </gmd:individualName>
                    <gmd:organisationName>
                        <gco:CharacterString>Vienna University of Technology (TU Wien), Department of Geodesy and Geoinformation (GEO), Research Group Remote Sensing</gco:CharacterString>
                    </gmd:organisationName>
                    <gmd:contactInfo>
                        <gmd:CI_Contact>
                            <gmd:phone>
                                <gmd:CI_Telephone>
                                    <gmd:voice>
                                    <gco:CharacterString> (+43) 1 58801-12243</gco:CharacterString>
                                    </gmd:voice>
                                    <gmd:facsimile>
                                    <gco:CharacterString>(+43) 1 58801-12299</gco:CharacterString>
                                    </gmd:facsimile>
                                </gmd:CI_Telephone>
                            </gmd:phone>
                            <gmd:address>
                                <gmd:CI_Address>
                                    <gmd:city>
                                    <gco:CharacterString>Vienna</gco:CharacterString>
                                    </gmd:city>
                                    <gmd:administrativeArea>
                                    <gco:CharacterString>Vienna</gco:CharacterString>
                                    </gmd:administrativeArea>
                                    <gmd:postalCode>
                                    <gco:CharacterString>1040</gco:CharacterString>
                                    </gmd:postalCode>
                                    <gmd:country>
                                    <gco:CharacterString>Austria</gco:CharacterString>
                                    </gmd:country>
                                    <gmd:electronicMailAddress>
                                    <gco:CharacterString>wouter.dorigo@geo.tuwien.ac.at</gco:CharacterString>
                                    </gmd:electronicMailAddress>
                                </gmd:CI_Address>
                            </gmd:address>
                            <gmd:onlineResource>
                                <gmd:CI_OnlineResource>
                                    <gmd:linkage>
                                    <gmd:URL>http://rs.geo.tuwien.ac.at/</gmd:URL>
                                    </gmd:linkage>
                                </gmd:CI_OnlineResource>
                            </gmd:onlineResource>
                            <gmd:hoursOfService>
                                <gco:CharacterString>9-17 (UTC+1)</gco:CharacterString>
                            </gmd:hoursOfService>
                            <gmd:contactInstructions>
                                <gco:CharacterString>Preferably by e-mail</gco:CharacterString>
                            </gmd:contactInstructions>
                        </gmd:CI_Contact>
                    </gmd:contactInfo>
                    <gmd:role>
                        <gmd:CI_RoleCode
                            codeList="./resources/codeList.xml#CI_RoleCode" codeListValue="pointOfContact">pointOfContact</gmd:CI_RoleCode>
                    </gmd:role>
                </gmd:CI_ResponsibleParty>
            </gmd:pointOfContact>
            <gmd:resourceMaintenance>
                <gmd:MD_MaintenanceInformation>
                    <gmd:maintenanceAndUpdateFrequency>
                        <gmd:MD_MaintenanceFrequencyCode
                            codeList="./resources/codeList.xml#MD_MaintenanceFrequencyCode" codeListValue="irregular">irregular</gmd:MD_MaintenanceFrequencyCode>
                    </gmd:maintenanceAndUpdateFrequency>
                </gmd:MD_MaintenanceInformation>
            </gmd:resourceMaintenance>
            <gmd:descriptiveKeywords>
                <gmd:MD_Keywords>
                    <gmd:keyword>
                        <gco:CharacterString>Soil Moisture</gco:CharacterString>
                    </gmd:keyword>
                    <gmd:keyword>
                        <gco:CharacterString>in situ</gco:CharacterString>
                    </gmd:keyword>
                    <gmd:keyword>
                        <gco:CharacterString>TDR</gco:CharacterString>
                    </gmd:keyword>
                    <gmd:keyword>
                        <gco:CharacterString>gravimetric</gco:CharacterString>
                    </gmd:keyword>
                    <gmd:keyword>
                        <gco:CharacterString>international</gco:CharacterString>
                    </gmd:keyword>
                    <gmd:keyword>
                        <gco:CharacterString>network</gco:CharacterString>
                    </gmd:keyword>
                    <gmd:keyword>
                        <gco:CharacterString>ESA</gco:CharacterString>
                    </gmd:keyword>
                    <gmd:keyword>
                        <gco:CharacterString>SMOS</gco:CharacterString>
                    </gmd:keyword>
                    <gmd:keyword>
                        <gco:CharacterString>SMAP</gco:CharacterString>
                    </gmd:keyword>
                    <gmd:keyword>
                        <gco:CharacterString>IPF</gco:CharacterString>
                    </gmd:keyword>
                    <gmd:keyword>
                        <gco:CharacterString>validation</gco:CharacterString>
                    </gmd:keyword>
                    <gmd:type>
                        <gmd:MD_KeywordTypeCode
                            codeList="./resources/codeList.xml#MD_KeywordTypeCode" codeListValue="theme">theme</gmd:MD_KeywordTypeCode>
                    </gmd:type>
                </gmd:MD_Keywords>
            </gmd:descriptiveKeywords>
            <gmd:resourceSpecificUsage>
                <gmd:MD_Usage>
                    <gmd:specificUsage>
                        <gco:CharacterString>Validation of SMOS Soil moisture Products</gco:CharacterString>
                    </gmd:specificUsage>
                    <gmd:userContactInfo>
                        <gmd:CI_ResponsibleParty>
                            <gmd:individualName>
                                <gco:CharacterString>Dorigo, Wouter</gco:CharacterString>
                            </gmd:individualName>
                            <gmd:organisationName>
                                <gco:CharacterString>Vienna University of Technology (TU Wien), Department of Geodesy and Geoinformation (GEO), Research Group Remote Sensing</gco:CharacterString>
                            </gmd:organisationName>
                            <gmd:contactInfo>
                                <gmd:CI_Contact>
                                    <gmd:phone>
                                    <gmd:CI_Telephone>
                                    <gmd:voice>
                                    <gco:CharacterString>(+43) 1 58801-12243</gco:CharacterString>
                                    </gmd:voice>
                                    <gmd:facsimile>
                                    <gco:CharacterString>(+43) 1 58801-12299</gco:CharacterString>
                                    </gmd:facsimile>
                                    </gmd:CI_Telephone>
                                    </gmd:phone>
                                    <gmd:address>
                                    <gmd:CI_Address>
                                    <gmd:city>
                                    <gco:CharacterString>Vienna</gco:CharacterString>
                                    </gmd:city>
                                    <gmd:administrativeArea>
                                    <gco:CharacterString>Vienna</gco:CharacterString>
                                    </gmd:administrativeArea>
                                    <gmd:postalCode>
                                    <gco:CharacterString>1040</gco:CharacterString>
                                    </gmd:postalCode>
                                    <gmd:country>
                                    <gco:CharacterString>Austria</gco:CharacterString>
                                    </gmd:country>
                                    <gmd:electronicMailAddress>
                                    <gco:CharacterString>wouter.dorigo@geo.tuwien.ac.at</gco:CharacterString>
                                    </gmd:electronicMailAddress>
                                    </gmd:CI_Address>
                                    </gmd:address>
                                    <gmd:hoursOfService>
                                    <gco:CharacterString>9-17 (UTC+1)</gco:CharacterString>
                                    </gmd:hoursOfService>
                                    <gmd:contactInstructions>
                                    <gco:CharacterString>Preferably by e-mail</gco:CharacterString>
                                    </gmd:contactInstructions>
                                </gmd:CI_Contact>
                            </gmd:contactInfo>
                            <gmd:role>
                                <gmd:CI_RoleCode
                                    codeList="./resources/codeList.xml#CI_RoleCode" codeListValue="pointOfContact">pointOfContact</gmd:CI_RoleCode>
                            </gmd:role>
                        </gmd:CI_ResponsibleParty>
                    </gmd:userContactInfo>
                </gmd:MD_Usage>
            </gmd:resourceSpecificUsage>
            <gmd:resourceConstraints>
                <gmd:MD_Constraints>
                    <gmd:useLimitation>
                        <gco:CharacterString>The data is for non-commercial use only</gco:CharacterString>
                    </gmd:useLimitation>
                </gmd:MD_Constraints>
            </gmd:resourceConstraints>
            <gmd:aggregationInfo>
                <gmd:MD_AggregateInformation>
                    <gmd:aggregateDataSetName>
                        <gmd:CI_Citation>
                            <gmd:title>
                                <gco:CharacterString>network 1</gco:CharacterString>
                            </gmd:title>
                            <gmd:date>
                                <gmd:CI_Date>
                                    <gmd:date>
                                    <gco:Date>2009-08-03</gco:Date>
                                    </gmd:date>
                                    <gmd:dateType>
                                    <gmd:CI_DateTypeCode
                                    codeList="./resources/codeList.xml#CI_DateTypeCode" codeListValue="creation">creation</gmd:CI_DateTypeCode>
                                    </gmd:dateType>
                                </gmd:CI_Date>
                            </gmd:date>
                            <gmd:citedResponsibleParty>
                                <gmd:CI_ResponsibleParty>
                                    <gmd:organisationName>
                                    <gco:CharacterString>Organisation 1</gco:CharacterString>
                                    </gmd:organisationName>
                                    <gmd:contactInfo>
                                    <gmd:CI_Contact>
                                    <gmd:phone>
                                    <gmd:CI_Telephone>
                                    <gmd:voice>
                                    <gco:CharacterString>555-12345678</gco:CharacterString>
                                    </gmd:voice>
                                    </gmd:CI_Telephone>
                                    </gmd:phone>
                                    <gmd:address>
                                    <gmd:CI_Address>
                                    <gmd:deliveryPoint>
                                    <gco:CharacterString>Organisation-address</gco:CharacterString>
                                    </gmd:deliveryPoint>
                                    <gmd:city>
                                    <gco:CharacterString>Organisation City</gco:CharacterString>
                                    </gmd:city>
                                    <gmd:administrativeArea>
                                    <gco:CharacterString>Organisation Administrative area</gco:CharacterString>
                                    </gmd:administrativeArea>
                                    <gmd:postalCode>
                                    <gco:CharacterString>Postal code</gco:CharacterString>
                                    </gmd:postalCode>
                                    <gmd:country>
                                    <gco:CharacterString>country</gco:CharacterString>
                                    </gmd:country>
                                    <gmd:electronicMailAddress>
                                    <gco:CharacterString>email</gco:CharacterString>
                                    </gmd:electronicMailAddress>
                                    </gmd:CI_Address>
                                    </gmd:address>
                                    </gmd:CI_Contact>
                                    </gmd:contactInfo>
                                    <gmd:role>
                                    <gmd:CI_RoleCode
                                    codeList="./resources/codeList.xml#CI_RoleCode" codeListValue="originator">originator</gmd:CI_RoleCode>
                                    </gmd:role>
                                </gmd:CI_ResponsibleParty>
                            </gmd:citedResponsibleParty>
                        </gmd:CI_Citation>
                    </gmd:aggregateDataSetName>
                    <gmd:aggregateDataSetIdentifier>
                        <gmd:RS_Identifier>
                            <gmd:code>
                                <gco:CharacterString>-9999</gco:CharacterString>
                            </gmd:code>
                        </gmd:RS_Identifier>
                    </gmd:aggregateDataSetIdentifier>
                    <gmd:associationType>
                        <gmd:DS_AssociationTypeCode
                            codeList="./resources/codeList.xml#DS_AssociationTypeCode" codeListValue="source">source</gmd:DS_AssociationTypeCode>
                    </gmd:associationType>
                    <gmd:initiativeType>
                        <gmd:DS_InitiativeTypeCode
                            codeList="./resources/codeList.xml#DS_InitiativeTypeCode" codeListValue="campaign">campaign</gmd:DS_InitiativeTypeCode>
                    </gmd:initiativeType>
                </gmd:MD_AggregateInformation>
            </gmd:aggregationInfo>
            <gmd:language>
                <gco:CharacterString>eng</gco:CharacterString>
            </gmd:language>
            <gmd:characterSet>
                <gmd:MD_CharacterSetCode
                    codeList="./resources/codeList.xml#MD_CharacterSetCode" codeListValue="utf8">utf8</gmd:MD_CharacterSetCode>
            </gmd:characterSet>
            <gmd:topicCategory>
                <gmd:MD_TopicCategoryCode>climatologyMeteorologyAtmosphere</gmd:MD_TopicCategoryCode>
            </gmd:topicCategory>
            <gmd:extent>
                <gmd:EX_Extent>
                    <gmd:geographicElement>
                        <gmd:EX_GeographicBoundingBox>
                            <gmd:westBoundLongitude>
                                <gco:Decimal>8.7492</gco:Decimal>
                            </gmd:westBoundLongitude>
                            <gmd:eastBoundLongitude>
                                <gco:Decimal>9.2889</gco:Decimal>
                            </gmd:eastBoundLongitude>
                            <gmd:southBoundLatitude>
                                <gco:Decimal>47.1729</gco:Decimal>
                            </gmd:southBoundLatitude>
                            <gmd:northBoundLatitude>
                                <gco:Decimal>47.4801</gco:Decimal>
                            </gmd:northBoundLatitude>
                        </gmd:EX_GeographicBoundingBox>
                    </gmd:geographicElement>
                    <gmd:temporalElement>
                        <gmd:EX_TemporalExtent>
                            <gmd:extent>
                                <gml:TimePeriod gml:id="timePeriodDate">
                                    <gml:beginPosition>2010-12-13T00:00:00</gml:beginPosition>
                                    <gml:endPosition>2020-02-10T00:00:00</gml:endPosition>
                                </gml:TimePeriod>
                            </gmd:extent>
                        </gmd:EX_TemporalExtent>
                    </gmd:temporalElement>
                    <gmd:verticalElement>
                        <gmd:EX_VerticalExtent>
                            <gmd:minimumValue>
                                <gco:Real>0</gco:Real>
                            </gmd:minimumValue>
                            <gmd:maximumValue>
                                <gco:Real>1</gco:Real>
                            </gmd:maximumValue>
                            <gmd:verticalCRS>
                                <gml:VerticalCRS gml:id="Id">
                                    <gml:identifier codeSpace="Identifier"/>
                                    <gml:scope>Scope</gml:scope>
                                    <gml:verticalCS>
                                    <gml:VerticalCS gml:id="Id">
                                    <gml:identifier codeSpace="Identifier"/>
                                    <gml:axis>

                                    <gml:CoordinateSystemAxis
                                    gml:id="ID" gml:uom="Meters">
                                    <gml:identifier codeSpace="Identifier">Identifier</gml:identifier>
                                    <gml:axisAbbrev>Axis Abbreviation</gml:axisAbbrev>
                                    <gml:axisDirection codeSpace="">Axis Direction</gml:axisDirection>
                                    </gml:CoordinateSystemAxis>
                                    </gml:axis>
                                    </gml:VerticalCS>
                                    </gml:verticalCS>
                                    <gml:verticalDatum>
                                    <gml:VerticalDatum gml:id="Id">
                                    <gml:identifier codeSpace="">Identifier</gml:identifier>
                                    <gml:name>Name</gml:name>
                                    <gml:scope>Scope</gml:scope>
                                    </gml:VerticalDatum>
                                    </gml:verticalDatum>
                                </gml:VerticalCRS>
                            </gmd:verticalCRS>
                        </gmd:EX_VerticalExtent>
                    </gmd:verticalElement>
                </gmd:EX_Extent>
            </gmd:extent>
            <gmd:supplementalInformation>
                <gco:CharacterString>Supplemental Informaiton</gco:CharacterString>
            </gmd:supplementalInformation>
        </gmd:MD_DataIdentification>
    </gmd:identificationInfo>
    <gmd:distributionInfo>
        <gmd:MD_Distribution>
            <gmd:distributionFormat>
                <gmd:MD_Format>
                    <gmd:name>
                        <gco:CharacterString>ASCII</gco:CharacterString>
                    </gmd:name>
                    <gmd:version>
                        <gco:CharacterString>1.0 - 01/09/2009</gco:CharacterString>
                    </gmd:version>
                </gmd:MD_Format>
            </gmd:distributionFormat>
            <gmd:distributor>
                <gmd:MD_Distributor>
                    <gmd:distributorContact>
                        <gmd:CI_ResponsibleParty>
                            <gmd:individualName>
                                <gco:CharacterString>Dorigo, Wouter</gco:CharacterString>
                            </gmd:individualName>
                            <gmd:organisationName>
                                <gco:CharacterString>Vienna University of Technology (TU Wien), Department of Geodesy and Geoinformation (GEO), Research Group Remote Sensing</gco:CharacterString>
                            </gmd:organisationName>
                            <gmd:contactInfo>
                                <gmd:CI_Contact>
                                    <gmd:phone>
                                    <gmd:CI_Telephone>
                                    <gmd:voice>
                                    <gco:CharacterString>(+43) 1 58801-12243</gco:CharacterString>
                                    </gmd:voice>
                                    <gmd:facsimile>
                                    <gco:CharacterString>(+43) 1 58801-12299</gco:CharacterString>
                                    </gmd:facsimile>
                                    </gmd:CI_Telephone>
                                    </gmd:phone>
                                    <gmd:address>
                                    <gmd:CI_Address>
                                    <gmd:city>
                                    <gco:CharacterString>Vienna</gco:CharacterString>
                                    </gmd:city>
                                    <gmd:administrativeArea>
                                    <gco:CharacterString>Vienna</gco:CharacterString>
                                    </gmd:administrativeArea>
                                    <gmd:postalCode>
                                    <gco:CharacterString>1040</gco:CharacterString>
                                    </gmd:postalCode>
                                    <gmd:country>
                                    <gco:CharacterString>Austria</gco:CharacterString>
                                    </gmd:country>
                                    <gmd:electronicMailAddress>
                                    <gco:CharacterString>wouter.dorigo@geo.tuwien.ac.at</gco:CharacterString>
                                    </gmd:electronicMailAddress>
                                    </gmd:CI_Address>
                                    </gmd:address>
                                    <gmd:onlineResource>
                                    <gmd:CI_OnlineResource>
                                    <gmd:linkage>
                                    <gmd:URL>http://rs.geo.tuwien.ac.at</gmd:URL>
                                    </gmd:linkage>
                                    </gmd:CI_OnlineResource>
                                    </gmd:onlineResource>
                                    <gmd:hoursOfService>
                                    <gco:CharacterString>9-17 (UTC+1)</gco:CharacterString>
                                    </gmd:hoursOfService>
                                    <gmd:contactInstructions>
                                    <gco:CharacterString>Preferably by e-mail</gco:CharacterString>
                                    </gmd:contactInstructions>
                                </gmd:CI_Contact>
                            </gmd:contactInfo>
                            <gmd:role>
                                <gmd:CI_RoleCode
                                    codeList="./resources/codeList.xml#CI_RoleCode" codeListValue="distributor">distributor</gmd:CI_RoleCode>
                            </gmd:role>
                        </gmd:CI_ResponsibleParty>
                    </gmd:distributorContact>
                </gmd:MD_Distributor>
            </gmd:distributor>
            <gmd:transferOptions>
                <gmd:MD_DigitalTransferOptions>
                    <gmd:transferSize>
                        <gco:Real>9999</gco:Real>
                    </gmd:transferSize>
                    <gmd:onLine>
                        <gmd:CI_OnlineResource>
                            <gmd:linkage>
                                <gmd:URL>http://ismn.geo.tuwien.ac.at</gmd:URL>
                            </gmd:linkage>
                            <gmd:function>
                                <gmd:CI_OnLineFunctionCode
                                    codeList="./resources/codeList.xml#CI_OnLineFunctionCode" codeListValue="download">download</gmd:CI_OnLineFunctionCode>
                            </gmd:function>
                        </gmd:CI_OnlineResource>
                    </gmd:onLine>
                </gmd:MD_DigitalTransferOptions>
            </gmd:transferOptions>
        </gmd:MD_Distribution>
    </gmd:distributionInfo>
    <gmd:metadataMaintenance>
        <gmd:MD_MaintenanceInformation>
            <gmd:maintenanceAndUpdateFrequency>
                <gmd:MD_MaintenanceFrequencyCode
                    codeList="./resources/codeList.xml#MD_MaintenanceFrequencyCode" codeListValue="irregular">irregular</gmd:MD_MaintenanceFrequencyCode>
            </gmd:maintenanceAndUpdateFrequency>
            <gmd:contact>
                <gmd:CI_ResponsibleParty>
                    <gmd:individualName>
                        <gco:CharacterString>Dorigo, Wouter</gco:CharacterString>
                    </gmd:individualName>
                    <gmd:organisationName>
                        <gco:CharacterString>Vienna University of Technology (TU Wien), Department of Geodesy and Geoinformation (GEO), Research Group Remote Sensing</gco:CharacterString>
                    </gmd:organisationName>
                    <gmd:contactInfo>
                        <gmd:CI_Contact>
                            <gmd:phone>
                                <gmd:CI_Telephone>
                                    <gmd:voice>
                                    <gco:CharacterString>(+43) 1 58801-12243</gco:CharacterString>
                                    </gmd:voice>
                                    <gmd:facsimile>
                                    <gco:CharacterString>(+43) 1 58801-12299</gco:CharacterString>
                                    </gmd:facsimile>
                                </gmd:CI_Telephone>
                            </gmd:phone>
                            <gmd:address>
                                <gmd:CI_Address>
                                    <gmd:city>
                                    <gco:CharacterString>Vienna</gco:CharacterString>
                                    </gmd:city>
                                    <gmd:administrativeArea>
                                    <gco:CharacterString>Vienna</gco:CharacterString>
                                    </gmd:administrativeArea>
                                    <gmd:postalCode>
                                    <gco:CharacterString>1040</gco:CharacterString>
                                    </gmd:postalCode>
                                    <gmd:country>
                                    <gco:CharacterString>Austria</gco:CharacterString>
                                    </gmd:country>
                                    <gmd:electronicMailAddress>
                                    <gco:CharacterString>wouter.dorigo@geo.tuwien.ac.at</gco:CharacterString>
                                    </gmd:electronicMailAddress>
                                </gmd:CI_Address>
                            </gmd:address>
                            <gmd:onlineResource>
                                <gmd:CI_OnlineResource>
                                    <gmd:linkage>
                                    <gmd:URL>http://rs.geo.tuwien.ac.at</gmd:URL>
                                    </gmd:linkage>
                                </gmd:CI_OnlineResource>
                            </gmd:onlineResource>
                            <gmd:hoursOfService>
                                <gco:CharacterString>9-17 (UTC+1)</gco:CharacterString>
                            </gmd:hoursOfService>
                            <gmd:contactInstructions>
                                <gco:CharacterString>Preferably by e-mail</gco:CharacterString>
                            </gmd:contactInstructions>
                        </gmd:CI_Contact>
                    </gmd:contactInfo>
                    <gmd:role>
                        <gmd:CI_RoleCode
                            codeList="./resources/codeList.xml#CI_RoleCode" codeListValue="pointOfContact">pointOfContact</gmd:CI_RoleCode>
                    </gmd:role>
                </gmd:CI_ResponsibleParty>
            </gmd:contact>
        </gmd:MD_MaintenanceInformation>
    </gmd:metadataMaintenance>
</gmd:MD_Metadata>
<!--Metadata generated with CatMDEdit version 4.5-->
